epoch,time,train/giou_loss,train/cls_loss,train/l1_loss,metrics/precision(B),metrics/recall(B),metrics/mAP50(B),metrics/mAP50-95(B),val/giou_loss,val/cls_loss,val/l1_loss,lr/pg0,lr/pg1,lr/pg2
1,303.91,0.54617,1.02593,0.29188,0.42706,0.47796,0.3984,0.33484,0.21605,0.793,0.14205,0.001111,0.001111,0.001111
2,605.34,0.31908,0.84597,0.15058,0.66866,0.51862,0.57065,0.52469,0.15794,0.60704,0.10337,0.000949925,0.000949925,0.000949925
3,906.738,0.27036,0.71482,0.12585,0.72688,0.60327,0.58685,0.5478,0.14708,0.49617,0.09669,0.000561055,0.000561055,0.000561055
4,1196.63,0.24358,0.62614,0.11129,0.76337,0.64277,0.65264,0.60471,0.13003,0.43301,0.08649,0.000172185,0.000172185,0.000172185
