epoch,time,train/giou_loss,train/cls_loss,train/l1_loss,metrics/precision(B),metrics/recall(B),metrics/mAP50(B),metrics/mAP50-95(B),val/giou_loss,val/cls_loss,val/l1_loss,lr/pg0,lr/pg1,lr/pg2
1,291.587,0.25415,0.61615,0.11963,0.77515,0.72081,0.73088,0.67788,0.13596,0.38936,0.08966,0.001111,0.001111,0.001111
2,578.933,0.23574,0.57655,0.10909,0.7897,0.68384,0.71915,0.66969,0.13422,0.47112,0.09109,0.00100597,0.00100597,0.00100597
3,863.909,0.22834,0.52751,0.10665,0.70628,0.70037,0.69189,0.64344,0.12988,0.40657,0.08668,0.000730997,0.000730997,0.000730997
4,1151.73,0.21522,0.48657,0.09898,0.86112,0.71909,0.74502,0.69247,0.12227,0.3484,0.08199,0.000391113,0.000391113,0.000391113
5,1444.37,0.20711,0.46251,0.09486,0.84424,0.79748,0.80271,0.74949,0.12193,0.37375,0.08076,0.00011614,0.00011614,0.00011614
