epoch,time,train/giou_loss,train/cls_loss,train/l1_loss,metrics/precision(B),metrics/recall(B),metrics/mAP50(B),metrics/mAP50-95(B),val/giou_loss,val/cls_loss,val/l1_loss,lr/pg0,lr/pg1,lr/pg2
1,291.742,0.25729,0.60623,0.12164,0.72708,0.67677,0.68176,0.62255,0.14424,0.42349,0.09458,0.001111,0.001111,0.001111
2,584.155,0.23726,0.5598,0.11172,0.79112,0.69904,0.72107,0.64485,0.16111,0.43105,0.11912,0.00100597,0.00100597,0.00100597
3,865.942,0.22536,0.51664,0.10393,0.78036,0.69696,0.72977,0.67731,0.1301,0.39769,0.08573,0.000730997,0.000730997,0.000730997
4,1147.77,0.21307,0.47767,0.09839,0.82138,0.76273,0.78984,0.73511,0.12244,0.36275,0.08126,0.000391113,0.000391113,0.000391113
5,1428.53,0.20589,0.44639,0.09559,0.81661,0.79368,0.7936,0.74026,0.12255,0.34992,0.08302,0.00011614,0.00011614,0.00011614
