epoch,time,train/giou_loss,train/cls_loss,train/l1_loss,metrics/precision(B),metrics/recall(B),metrics/mAP50(B),metrics/mAP50-95(B),val/giou_loss,val/cls_loss,val/l1_loss,lr/pg0,lr/pg1,lr/pg2
1,300.871,0.49942,1.02757,0.26558,0.4172,0.35244,0.27699,0.23156,0.20992,0.88387,0.14386,0.001111,0.001111,0.001111
2,598.402,0.32441,0.84686,0.15716,0.30998,0.11166,0.05435,0.0136,0.90462,1.13981,0.98242,0.000949925,0.000949925,0.000949925
3,895.23,0.27576,0.70678,0.13307,0.64688,0.61299,0.56098,0.51932,0.15193,0.52625,0.10217,0.000561055,0.000561055,0.000561055
4,1180.13,0.24713,0.60109,0.1166,0.74565,0.661,0.65544,0.61586,0.13294,0.42539,0.08833,0.000172185,0.000172185,0.000172185
