{
  "model_name": "RT-DETR-X",
  "backbone": "ResNet-101",
  "is_pretrained": true,
  "best_model_path": "C:\\D drive\\mydata\\MSML\\GitHub\\RT-DETR-Based-Explainable-CAD-System-for-Automated-Detection-and-Classification-of-White-Blood-Cells\\output\\training_runs\\RT-DETR-X_20260201_133102\\weights\\best.pt",
  "run_dir": "C:\\D drive\\mydata\\MSML\\GitHub\\RT-DETR-Based-Explainable-CAD-System-for-Automated-Detection-and-Classification-of-White-Blood-Cells\\output\\training_runs\\RT-DETR-X_20260201_133102",
  "training_time_s": 1969.3705339431763,
  "training_config": {
    "epochs": 1,
    "imgsz": 640,
    "batch": 4,
    "lr0": 0.01,
    "lrf": 0.0001,
    "momentum": 0.937,
    "weight_decay": 0.0005,
    "workers": 8,
    "patience": 15,
    "cos_lr": true,
    "warmup_epochs": 1,
    "warmup_momentum": 0.8,
    "warmup_bias_lr": 0.1
  },
  "accuracy": 0.816,
  "avg_inference_time_ms": 53.541428089141846,
  "no_prediction_count": 0,
  "total_samples": 500,
  "confusion_matrix": [
    [
      100,
      0,
      0,
      0,
      0
    ],
    [
      2,
      81,
      0,
      16,
      1
    ],
    [
      29,
      0,
      63,
      6,
      2
    ],
    [
      8,
      0,
      1,
      91,
      0
    ],
    [
      15,
      5,
      0,
      7,
      73
    ]
  ],
  "classification_report": {
    "Basophil": {
      "precision": 0.6493506493506493,
      "recall": 1.0,
      "f1-score": 0.7874015748031497,
      "support": 100.0
    },
    "Eosinophil": {
      "precision": 0.9418604651162791,
      "recall": 0.81,
      "f1-score": 0.8709677419354839,
      "support": 100.0
    },
    "Lymphocyte": {
      "precision": 0.984375,
      "recall": 0.63,
      "f1-score": 0.7682926829268293,
      "support": 100.0
    },
    "Monocyte": {
      "precision": 0.7583333333333333,
      "recall": 0.91,
      "f1-score": 0.8272727272727273,
      "support": 100.0
    },
    "Neutrophil": {
      "precision": 0.9605263157894737,
      "recall": 0.73,
      "f1-score": 0.8295454545454546,
      "support": 100.0
    },
    "accuracy": 0.816,
    "macro avg": {
      "precision": 0.858889152717947,
      "recall": 0.8160000000000001,
      "f1-score": 0.8166960362967288,
      "support": 500.0
    },
    "weighted avg": {
      "precision": 0.8588891527179471,
      "recall": 0.816,
      "f1-score": 0.8166960362967289,
      "support": 500.0
    }
  },
  "y_true": [
    0,
    0,
    0,
    0,
    0,
    0,
    0,
    0,
    0,
    0,
    0,
    0,
    0,
    0,
    0,
    0,
    0,
    0,
    0,
    0,
    0,
    0,
    0,
    0,
    0,
    0,
    0,
    0,
    0,
    0,
    0,
    0,
    0,
    0,
    0,
    0,
    0,
    0,
    0,
    0,
    0,
    0,
    0,
    0,
    0,
    0,
    0,
    0,
    0,
    0,
    0,
    0,
    0,
    0,
    0,
    0,
    0,
    0,
    0,
    0,
    0,
    0,
    0,
    0,
    0,
    0,
    0,
    0,
    0,
    0,
    0,
    0,
    0,
    0,
    0,
    0,
    0,
    0,
    0,
    0,
    0,
    0,
    0,
    0,
    0,
    0,
    0,
    0,
    0,
    0,
    0,
    0,
    0,
    0,
    0,
    0,
    0,
    0,
    0,
    0,
    1,
    1,
    1,
    1,
    1,
    1,
    1,
    1,
    1,
    1,
    1,
    1,
    1,
    1,
    1,
    1,
    1,
    1,
    1,
    1,
    1,
    1,
    1,
    1,
    1,
    1,
    1,
    1,
    1,
    1,
    1,
    1,
    1,
    1,
    1,
    1,
    1,
    1,
    1,
    1,
    1,
    1,
    1,
    1,
    1,
    1,
    1,
    1,
    1,
    1,
    1,
    1,
    1,
    1,
    1,
    1,
    1,
    1,
    1,
    1,
    1,
    1,
    1,
    1,
    1,
    1,
    1,
    1,
    1,
    1,
    1,
    1,
    1,
    1,
    1,
    1,
    1,
    1,
    1,
    1,
    1,
    1,
    1,
    1,
    1,
    1,
    1,
    1,
    1,
    1,
    1,
    1,
    1,
    1,
    1,
    1,
    1,
    1,
    1,
    1,
    2,
    2,
    2,
    2,
    2,
    2,
    2,
    2,
    2,
    2,
    2,
    2,
    2,
    2,
    2,
    2,
    2,
    2,
    2,
    2,
    2,
    2,
    2,
    2,
    2,
    2,
    2,
    2,
    2,
    2,
    2,
    2,
    2,
    2,
    2,
    2,
    2,
    2,
    2,
    2,
    2,
    2,
    2,
    2,
    2,
    2,
    2,
    2,
    2,
    2,
    2,
    2,
    2,
    2,
    2,
    2,
    2,
    2,
    2,
    2,
    2,
    2,
    2,
    2,
    2,
    2,
    2,
    2,
    2,
    2,
    2,
    2,
    2,
    2,
    2,
    2,
    2,
    2,
    2,
    2,
    2,
    2,
    2,
    2,
    2,
    2,
    2,
    2,
    2,
    2,
    2,
    2,
    2,
    2,
    2,
    2,
    2,
    2,
    2,
    2,
    3,
    3,
    3,
    3,
    3,
    3,
    3,
    3,
    3,
    3,
    3,
    3,
    3,
    3,
    3,
    3,
    3,
    3,
    3,
    3,
    3,
    3,
    3,
    3,
    3,
    3,
    3,
    3,
    3,
    3,
    3,
    3,
    3,
    3,
    3,
    3,
    3,
    3,
    3,
    3,
    3,
    3,
    3,
    3,
    3,
    3,
    3,
    3,
    3,
    3,
    3,
    3,
    3,
    3,
    3,
    3,
    3,
    3,
    3,
    3,
    3,
    3,
    3,
    3,
    3,
    3,
    3,
    3,
    3,
    3,
    3,
    3,
    3,
    3,
    3,
    3,
    3,
    3,
    3,
    3,
    3,
    3,
    3,
    3,
    3,
    3,
    3,
    3,
    3,
    3,
    3,
    3,
    3,
    3,
    3,
    3,
    3,
    3,
    3,
    3,
    4,
    4,
    4,
    4,
    4,
    4,
    4,
    4,
    4,
    4,
    4,
    4,
    4,
    4,
    4,
    4,
    4,
    4,
    4,
    4,
    4,
    4,
    4,
    4,
    4,
    4,
    4,
    4,
    4,
    4,
    4,
    4,
    4,
    4,
    4,
    4,
    4,
    4,
    4,
    4,
    4,
    4,
    4,
    4,
    4,
    4,
    4,
    4,
    4,
    4,
    4,
    4,
    4,
    4,
    4,
    4,
    4,
    4,
    4,
    4,
    4,
    4,
    4,
    4,
    4,
    4,
    4,
    4,
    4,
    4,
    4,
    4,
    4,
    4,
    4,
    4,
    4,
    4,
    4,
    4,
    4,
    4,
    4,
    4,
    4,
    4,
    4,
    4,
    4,
    4,
    4,
    4,
    4,
    4,
    4,
    4,
    4,
    4,
    4,
    4
  ],